{"cameraMode":{"drawMode":0,"name":"Shaded","section":"Shading Mode"},"sceneLighting":true,"audioPlay":false,"sceneViewState":{"showFog":true,"showMaterialUpdate":true,"showSkybox":true,"showFlares":true,"showImageEffects":true,"showParticleSystems":true},"in2DMode":false,"pivot":{"x":11.620939254760743,"y":-3.6049070358276369,"z":-11.737693786621094},"rotation":{"x":-0.06591479480266571,"y":-0.8847413063049316,"z":0.13179774582386018,"w":-0.4422186613082886},"size":22.08216667175293,"orthographic":false}